http://ffs.tamcnhp.com/main/station-detail/035-UYDDEL,035-UYDDEL
http://ffs.tamcnhp.com/main/station-detail/003-SHDSIM,003-SHDSIM
http://ffs.tamcnhp.com/main/station-detail/009-HGDDDN,009-HGDDDN
http://ffs.tamcnhp.com/main/station-detail/030-LYDAGRA,030-LYDAGRA
http://ffs.tamcnhp.com/main/station-detail/036-HGDDDN,036-HGDDDN
http://ffs.tamcnhp.com/main/station-detail/021-TDSURAT,021-TDSURAT
http://ffs.tamcnhp.com/main/station-detail/007-MAHGAND,007-MAHGAND
http://ffs.tamcnhp.com/main/station-detail/66,66
http://ffs.tamcnhp.com/main/station-detail/NBO-1-046-1247,NBO-1-046-1247
http://ffs.tamcnhp.com/main/station-detail/NBO-1-055-1259,NBO-1-055-1259
http://ffs.tamcnhp.com/main/station-detail/007-CDJAIPUR,007-CDJAIPUR
http://ffs.tamcnhp.com/main/station-detail/031-LYDAGRA,031-LYDAGRA
http://ffs.tamcnhp.com/main/station-detail/36-UBDDIB,36-UBDDIB
http://ffs.tamcnhp.com/main/station-detail/FF-1,FF-1
http://ffs.tamcnhp.com/main/station-detail/027-LBDJPG,027-LBDJPG
http://ffs.tamcnhp.com/main/station-detail/47-LGDHYD,47-LGDHYD
http://ffs.tamcnhp.com/main/station-detail/48-lgdhyd,48-lgdhyd
http://ffs.tamcnhp.com/main/station-detail/061-ERDBWN,061-ERDBWN
http://ffs.tamcnhp.com/main/station-detail/50-LGDHYD,50-LGDHYD
http://ffs.tamcnhp.com/main/station-detail/012-MDBURLA,012-MDBURLA
http://ffs.tamcnhp.com/main/station-detail/032-UKDPUNE,032-UKDPUNE
http://ffs.tamcnhp.com/main/station-detail/016-lkdhyd,016-lkdhyd
http://ffs.tamcnhp.com/main/station-detail/001-LKDHYD,001-LKDHYD
http://ffs.tamcnhp.com/main/station-detail/0024-SWRDKOCHI,0024-SWRDKOCHI
http://ffs.tamcnhp.com/main/station-detail/004-SWRDKOCHI,004-SWRDKOCHI
http://ffs.tamcnhp.com/main/station-detail/0024-srdcwc,0024-srdcwc
http://ffs.tamcnhp.com/main/station-detail/016-SWRDKOCHI,016-SWRDKOCHI
http://ffs.tamcnhp.com/main/station-detail/49-LGDHYD,49-LGDHYD
http://ffs.tamcnhp.com/main/station-detail/019-UGDHYD,019-UGDHYD
http://ffs.tamcnhp.com/main/station-detail/017-lkdhyd,017-lkdhyd
http://ffs.tamcnhp.com/main/station-detail/014-mgd3vns,014-mgd3vns
http://ffs.tamcnhp.com/main/hydrograph-detail/009-UGDHYD,009-UGDHYD
http://ffs.tamcnhp.com/main/hydrograph-detail/029-mgd4ptn,029-mgd4ptn